电影,0.117986760759
互联网,0.102493560509
Google,0.0875536910907
设计,0.0852702937854
Android,0.084352204771
知乎,0.0753045260414
iOS,0.064447311566
创业,0.0603462306442
恋爱,0.0463739404475
历史,0.0446469239499
微信,0.0418977122707
游戏,0.0394246893871
美剧,0.0384178358363
学习,0.0376688257259
Python,0.037582665492
Inc,0.0356339346887
开发,0.0347502153307
Adobe,0.0343811791723
编程,0.0343723629555
人物,0.0336419043696
应用,0.0335892648065
Apple,0.0335460088281
前端开发,0.0322932533117
苹果公司,0.0322777033637
体验,0.0313295496439
摄影,0.0300628111308
JavaScript,0.029091766992
js,0.029091766992
HTML5,0.0283957917051
iPhone,0.0274214263034
科技,0.0273669057629
用户,0.0273258847169
OS,0.0271430361887
电子商务,0.0270504035467
小说,0.0266417452339
Java,0.0263078658444
编程语言,0.0261850950391
Mac,0.026168670787
阿里巴巴,0.0259553650239
谷歌,0.0255101113163
网页,0.0250807234638
网站,0.0242290911365
程序员,0.0240660792887
电视剧,0.023510643312
算法,0.0231738121127
生活,0.0231463816008
情感,0.0230745196849
CSS,0.02282798941
推荐,0.0227303160424
Kindle,0.0219928190657
移动,0.0217529098001
字体,0.0216224051967
美食,0.0210774252179
人际交往,0.0209902824313
前端,0.0209429856439
交互,0.0208948858374
健身,0.0208473244456
技巧,0.0208032548609
书籍,0.0206407005531
心理学,0.020230007708
Node,0.0200440882624
两性关系,0.0200282874964
中国,0.0198096783595
公司,0.019662019128
网络,0.0195932749288
Web,0.0194873080329
Microsoft,0.0194873080329
百度,0.0189717130492
Windows,0.0189305278034
旅行,0.0189146050552
大学,0.0188289263781
市场营销,0.0182964499571
MacBook,0.0182345525165
投资,0.0180274789406
英语,0.017798805572
VC,0.017677772287
豆瓣,0.0176214716707
金庸,0.0174630270527
大学生,0.0171093005413
爱情,0.016748378914
macOS,0.0167034068853
浏览器,0.0166852475786
装修,0.0166823038681
微博,0.0164250167706
Lumia,0.0164250167706
微软,0.0162886353957
iPad,0.0162858217132
平面设计,0.0161852216941
Podcast,0.0161466266558
极客,0.0160074315985
阅读,0.0158607950001
教育,0.0158017794279
社交,0.015580203183
汽车,0.0154972400276
音乐,0.0153612872286
Linux,0.0153114563116
用户界面,0.0152682912177
C++,0.0151722612542
华语,0.0150531077999
Chrome,0.0150330661968
